File,Mean_RR_Rest,STD_RR_Rest,Mean_RR_Exercise,STD_RR_Exercise,Mean_RR_Recovery,STD_RR_Recovery,SD1_Rest,SD2_Rest,SD1_Exercise,SD2_Exercise,SD1_Recovery,SD2_Recovery
VPS50W.txt,970.1067961165048,93.83352116868004,67.37889569008671,113.79473465712488,798.2543352601156,68.72538168785923,46.73638684229306,85.00068305571408,957.9201277955272,86.87637655047303,57.67822157096857,108.6867495153747
VPS100W.txt,811.6153846153846,77.47840572093104,36.15484555551105,103.43681476726242,621.0,23.26950650926777,8.218215286788245,31.891049880805117,782.1522309711286,76.60539324714891,29.903111086165918,103.76843917287248
VPS150Wtts.txt,861.768115942029,87.23434121809296,46.30535656391847,114.34679241579765,577.5895953757225,21.757358014580312,4.904690057076446,30.214064078845677,875.4139941690962,77.81362222749453,41.92015872587244,101.4871708576183
VPS200W.txt,882.0558823529411,70.47919881353593,40.918275986831524,90.80066472132064,550.3388278388278,19.052093462207896,4.586677956745937,26.553689689222136,983.2156862745098,107.61769305516614,64.84645167688026,137.84681757090496
VPS250W.txt,803.573726541555,70.20172432290488,28.91838255266649,94.99888246735847,423.64255319148936,21.307273203147172,2.1399872556969712,30.067642747761465,699.7668997668998,61.394492095132804,17.973695733425473,84.98531253150361
