Filename,Rest Mean,Rest Std,Rest SD1,Rest SD2,Exercise Mean,Exercise Std,Exercise SD1,Exercise SD2,Recovery Mean,Recovery Std,Recovery SD1,Recovery SD2
aca100wD.txt,761.5913705583756,55.11587264952379,25.90302918810062,73.52789042161227,644.2494623655914,25.49649195206052,11.473920954449945,34.22378195388362,767.1969309462916,59.58852591102106,25.023988491045948,80.44672618348407
